url,status,timestamp
https://www.topcv.vn/tim-viec-lam-it-phan-mem-c10026?page=1,403,2026-09-29T14:41:34.884552
https://www.topcv.vn/tim-viec-lam-it-phan-mem-c10026?page=1,403,2026-09-29T14:58:50.044469
https://www.topcv.vn/tim-viec-lam-it-phan-mem-c10026?page=1,403,2026-09-29T15:01:07.977403
https://www.topcv.vn/tim-viec-lam-it-phan-mem-c10026?page=1,403,2026-09-29T15:30:21.047037
https://itviec.com/robots.txt,200,2026-09-29T16:41:52.967142+07:00
https://itviec.com/dunggiatminh.xml,200,2026-09-29T16:41:56.237472+07:00
https://itviec.com/twinnings_jobs_desc_en.xml,200,2026-09-29T16:41:59.667218+07:00
https://itviec.com/twinnings_jobs_desc_vn.xml,200,2026-09-29T16:42:03.086576+07:00
https://itviec.com/it-jobs/application-security-engineer-redteam-pentest-ssi-securities-corporation-3550,200,2026-09-29T16:42:06.545438+07:00
https://itviec.com/it-jobs/reactjs-developer-voyager-inc-2055,200,2026-09-29T16:42:10.214640+07:00
https://itviec.com/it-jobs/cobol-developer-english-speaking-capgemini-vietnam-5014,200,2026-09-29T16:42:13.740394+07:00
https://itviec.com/it-jobs/data-engineer-english-required-ho-chi-minh-ha-noi-fullerton-health-5950,200,2026-09-29T16:42:17.337705+07:00
https://itviec.com/it-jobs/user-and-growth-researcher-simple-tech-investment-4432,200,2026-09-29T16:42:20.914606+07:00
https://itviec.com/it-jobs/senior-mobile-developer-native-ios-android-nec-vietnam-5834,200,2026-09-29T16:42:24.443341+07:00
https://itviec.com/it-jobs/mid-senior-fullstack-developer-reactjs-nodejs-alphasphere-0137,200,2026-09-29T16:42:28.067304+07:00
https://itviec.com/it-jobs/middle-senior-qa-test-automation-engineer-ivc-isb-vietnam-3058,200,2026-09-29T16:42:31.586211+07:00
https://itviec.com/it-jobs/business-analyst-middle-saigon-technology-0735,200,2026-09-29T16:42:35.113007+07:00
https://itviec.com/it-jobs/lead-test-engineer-manual-automation-hansen-technologies-1223,200,2026-09-29T16:42:38.751407+07:00
https://itviec.com/it-jobs/senior-golang-backend-engineer-cong-ty-tnhh-nexlab-it-solutions-2159,200,2026-09-29T16:42:42.267279+07:00
https://itviec.com/it-jobs/system-administrator-cong-ty-tnhh-dich-vu-giai-phap-itss-0004,200,2026-09-29T16:42:45.821474+07:00
https://itviec.com/it-jobs/fullstack-tech-lead-node-js-react-java-kotlin-thoughtworks-vietnam-1741,200,2026-09-29T16:42:49.513103+07:00
https://itviec.com/it-jobs/tap-su-tiem-nang-aiops-devops-engineer-aio-ngan-hang-tmcp-tien-phong-tpbank-1216,200,2026-09-29T16:42:53.133583+07:00
https://itviec.com/it-jobs/software-developer-pl-sql-java-react-hansen-technologies-2555,200,2026-09-29T16:42:56.802190+07:00
https://itviec.com/it-jobs/technical-leader-java-expert-ngan-hang-thuong-mai-tnhh-mtv-ky-nguyen-thinh-vuong-gpbank-2603,200,2026-09-29T16:43:00.389514+07:00
https://itviec.com/it-jobs/java-developer-spring-oop-up-to-2000-techcom-securities-1036,200,2026-09-29T16:43:04.142093+07:00
https://itviec.com/it-jobs/embedded-sw-engineer-flash-boot-loader-hella-vietnam-0530,200,2026-09-29T16:43:07.676632+07:00
https://itviec.com/it-jobs/signing-bonus-brse-upto-60m-rikkeisoft-0345,200,2026-09-29T16:43:11.305701+07:00
https://itviec.com/it-jobs/cloud-devops-engineer-azure-aws-red-hat-hitachi-digital-services-0535,200,2026-09-29T16:43:14.957679+07:00
